{
  "generated_at": "2025-12-31T08:24:04.551853",
  "total_graphs": 619,
  "total_nodes": 55028,
  "total_edges": 54403,
  "avg_nodes_per_graph": 88.89822294022618,
  "avg_edges_per_graph": 87.88852988691438,
  "max_nodes": 1832,
  "min_nodes": 0,
  "graphs_with_numeric_data": 593,
  "graphs_with_color_data": 601
}