{
  "total_khipus": 612,
  "anomaly_methods": {
    "isolation_forest": {
      "count": 31,
      "percentage": 5.065359477124183
    },
    "statistical_outliers": {
      "count": 2,
      "percentage": 0.32679738562091504
    },
    "topology_anomalies": {
      "count": 126,
      "percentage": 20.588235294117645
    }
  },
  "high_confidence_anomalies": {
    "count": 13,
    "percentage": 2.1241830065359477,
    "khipu_ids": [
      1000020,
      1000048,
      1000053,
      1000088,
      1000118,
      1000155,
      1000279,
      1000344,
      1000413,
      1000459,
      1000461,
      1000463,
      1000501
    ]
  },
  "by_cluster": {
    "sum": {
      "0": 2,
      "1": 1,
      "2": 2,
      "3": 2,
      "4": 0,
      "5": 2,
      "6": 4
    },
    "count": {
      "0": 80,
      "1": 76,
      "2": 48,
      "3": 387,
      "4": 6,
      "5": 3,
      "6": 12
    },
    "mean": {
      "0": 0.025,
      "1": 0.013157894736842105,
      "2": 0.041666666666666664,
      "3": 0.00516795865633075,
      "4": 0.0,
      "5": 0.6666666666666666,
      "6": 0.3333333333333333
    }
  }
}