{
  "generated_at": "2025-12-31T08:54:48.006101",
  "cluster_provenance_enrichment": {
    "contingency_table": {
      "Armatambo, Huaca San Pedro": {
        "0": 1,
        "1": 4,
        "2": 0,
        "3": 6,
        "4": 0,
        "5": 0,
        "6": 0
      },
      "Huaquerones": {
        "0": 0,
        "1": 3,
        "2": 0,
        "3": 16,
        "4": 0,
        "5": 0,
        "6": 0
      },
      "Ica": {
        "0": 4,
        "1": 9,
        "2": 4,
        "3": 32,
        "4": 0,
        "5": 0,
        "6": 0
      },
      "Incahuasi": {
        "0": 14,
        "1": 9,
        "2": 2,
        "3": 27,
        "4": 0,
        "5": 0,
        "6": 0
      },
      "Leymebamba": {
        "0": 9,
        "1": 1,
        "2": 0,
        "3": 11,
        "4": 1,
        "5": 0,
        "6": 0
      },
      "Nazca": {
        "0": 7,
        "1": 2,
        "2": 0,
        "3": 3,
        "4": 1,
        "5": 0,
        "6": 0
      },
      "Other": {
        "0": 16,
        "1": 12,
        "2": 9,
        "3": 97,
        "4": 2,
        "5": 2,
        "6": 4
      },
      "Pachacamac": {
        "0": 9,
        "1": 6,
        "2": 10,
        "3": 65,
        "4": 0,
        "5": 0,
        "6": 0
      },
      "Unknown": {
        "0": 12,
        "1": 28,
        "2": 21,
        "3": 96,
        "4": 2,
        "5": 1,
        "6": 8
      },
      "unknown": {
        "0": 8,
        "1": 2,
        "2": 2,
        "3": 34,
        "4": 0,
        "5": 0,
        "6": 0
      }
    },
    "chi2": 116.88620073926356,
    "p_value": 1.5628333333708454e-06,
    "dof": 54,
    "significant": true,
    "enrichment": {
      "Armatambo, Huaca San Pedro": {
        "0": 0.6954545454545454,
        "1": 2.92822966507177,
        "2": 0.0,
        "3": 0.8625792811839323,
        "4": 0.0,
        "5": 0.0,
        "6": 0.0
      },
      "Huaquerones": {
        "0": 0.0,
        "1": 1.2714681440443214,
        "2": 0.0,
        "3": 1.3317013463892289,
        "4": 0.0,
        "5": 0.0,
        "6": 0.0
      },
      "Ica": {
        "0": 0.6244897959183673,
        "1": 1.4790547798066596,
        "2": 1.0408163265306123,
        "3": 1.032747982914096,
        "4": 0.0,
        "5": 0.0,
        "6": 0.0
      },
      "Incahuasi": {
        "0": 2.059615384615385,
        "1": 1.3937246963562753,
        "2": 0.4903846153846154,
        "3": 0.8211091234347048,
        "4": 0.0,
        "5": 0.0,
        "6": 0.0
      },
      "Leymebamba": {
        "0": 3.1295454545454544,
        "1": 0.36602870813397126,
        "2": 0.0,
        "3": 0.7906976744186046,
        "4": 4.636363636363636,
        "5": 0.0,
        "6": 0.0
      },
      "Nazca": {
        "0": 4.11923076923077,
        "1": 1.2388663967611335,
        "2": 0.0,
        "3": 0.36493738819320215,
        "4": 7.846153846153847,
        "5": 0.0,
        "6": 0.0
      },
      "Other": {
        "0": 0.8619718309859155,
        "1": 0.6805040770941437,
        "2": 0.8080985915492959,
        "3": 1.080248935473305,
        "4": 1.4366197183098592,
        "5": 2.8732394366197185,
        "6": 1.4366197183098592
      },
      "Pachacamac": {
        "0": 0.7649999999999999,
        "1": 0.5368421052631579,
        "2": 1.4166666666666667,
        "3": 1.1421188630490955,
        "4": 0.0,
        "5": 0.0,
        "6": 0.0
      },
      "Unknown": {
        "0": 0.5464285714285714,
        "1": 1.3421052631578947,
        "2": 1.59375,
        "3": 0.9036544850498339,
        "4": 1.2142857142857144,
        "5": 1.2142857142857144,
        "6": 2.428571428571429
      },
      "unknown": {
        "0": 1.3304347826086957,
        "1": 0.3501144164759725,
        "2": 0.5543478260869565,
        "3": 1.1688574317492415,
        "4": 0.0,
        "5": 0.0,
        "6": 0.0
      }
    }
  },
  "structural_features_by_provenance": {
    "num_nodes": {
      "h_statistic": 17.42210331646637,
      "p_value": 0.00376508123962788,
      "significant": true,
      "means_by_provenance": {
        "Unknown": 69.93142857142857,
        "Other": 104.2605633802817,
        "Pachacamac": 66.73333333333333,
        "Incahuasi": 111.23076923076923,
        "Ica": 59.83673469387755,
        "unknown": 80.8695652173913
      }
    },
    "depth": {
      "h_statistic": 50.527185983824594,
      "p_value": 1.0809091759610316e-09,
      "significant": true,
      "means_by_provenance": {
        "Unknown": 1.6342857142857143,
        "Other": 2.056338028169014,
        "Pachacamac": 1.9111111111111112,
        "Incahuasi": 2.5961538461538463,
        "Ica": 1.7551020408163265,
        "unknown": 2.3260869565217392
      }
    },
    "avg_branching": {
      "h_statistic": 9.561004338668454,
      "p_value": 0.08867359399830071,
      "significant": false,
      "means_by_provenance": {
        "Unknown": 24.16527244298798,
        "Other": 17.262201118195897,
        "Pachacamac": 20.363938575654522,
        "Incahuasi": 10.798172615159936,
        "Ica": 20.212166477361244,
        "unknown": 16.470875266338524
      }
    },
    "has_numeric": {
      "h_statistic": 12.239915813107716,
      "p_value": 0.0316442279846671,
      "significant": true,
      "means_by_provenance": {
        "Unknown": 0.6694869939674939,
        "Other": 0.7507101479985301,
        "Pachacamac": 0.729759336844664,
        "Incahuasi": 0.7389627226400831,
        "Ica": 0.8048148098112795,
        "unknown": 0.6823122125174039
      }
    }
  },
  "summation_by_provenance": {
    "summation_stats": [
      {
        "provenance": "Unknown",
        "count": 175,
        "pct_with_summation": 19.428571428571427,
        "avg_match_rate": 0.04778841026088201,
        "pct_with_white": 66.28571428571428
      },
      {
        "provenance": "Other",
        "count": 142,
        "pct_with_summation": 26.056338028169012,
        "avg_match_rate": 0.047879847958770094,
        "pct_with_white": 73.23943661971832
      },
      {
        "provenance": "Pachacamac",
        "count": 90,
        "pct_with_summation": 17.77777777777778,
        "avg_match_rate": 0.038332564241361965,
        "pct_with_white": 90.0
      },
      {
        "provenance": "Incahuasi",
        "count": 52,
        "pct_with_summation": 48.07692307692308,
        "avg_match_rate": 0.14487193760202183,
        "pct_with_white": 44.230769230769226
      },
      {
        "provenance": "Ica",
        "count": 49,
        "pct_with_summation": 18.367346938775512,
        "avg_match_rate": 0.03796566245545836,
        "pct_with_white": 73.46938775510205
      },
      {
        "provenance": "unknown",
        "count": 46,
        "pct_with_summation": 45.65217391304348,
        "avg_match_rate": 0.12273425169676347,
        "pct_with_white": 82.6086956521739
      }
    ],
    "chi2_summation": 31.230583205080467,
    "p_value_summation": 8.43469801555883e-06,
    "h_match_rate": 34.36012824810134,
    "p_value_match_rate": 2.018524640354867e-06
  },
  "high_match_provenances": {
    "high_match_provenance_counts": {
      "Incahuasi": 2,
      "Ica": 1,
      "Pachacamac": 1,
      "Armatambo, Huaca San Pedro": 1,
      "Huaquerones": 1
    },
    "total_high_match": 9
  },
  "provenance_summary": [
    {
      "provenance": "Unknown",
      "count": 175,
      "avg_nodes": 69.93142857142857,
      "avg_depth": 1.6342857142857143,
      "avg_branching": 24.16527244298798,
      "pct_numeric": 66.94869939674939,
      "pct_summation": 19.428571428571427,
      "avg_match_rate": 0.04778841026088201,
      "most_common_cluster": 3
    },
    {
      "provenance": "Other",
      "count": 142,
      "avg_nodes": 104.2605633802817,
      "avg_depth": 2.056338028169014,
      "avg_branching": 17.262201118195897,
      "pct_numeric": 75.071014799853,
      "pct_summation": 26.056338028169012,
      "avg_match_rate": 0.047879847958770094,
      "most_common_cluster": 3
    },
    {
      "provenance": "Pachacamac",